<?xml version="1.0" encoding="utf-8" ?>
<component name="SettingsScreen" extends="Scene">
    <children>
        <Rectangle id="background" 
                   width="1920" 
                   height="1080" 
                   color="0x000000FF" />
        
        <Label id="titleLabel" 
               text="Media Screensaver Settings"
               width="1280" 
               height="60" 
               horizAlign="center"
               vertAlign="top"
               translation="[320, 100]"
               color="0xFFFFFFFF"
               font="font:LargeSystemFont" />
        
        <Label id="serverHostLabel" 
               text="Media Server Host/IP:"
               width="600" 
               height="40" 
               horizAlign="left"
               vertAlign="center"
               translation="[360, 250]"
               color="0xFFFFFFFF"
               font="font:MediumSystemFont" />
        
        <TextEditBox id="serverHostInput"
                     text=""
                     width="800"
                     height="50"
                     translation="[360, 300]"
                     font="font:MediumSystemFont"
                     textColor="0x000000FF"
                     backgroundColor="0xFFFFFFFF"
                     focusedTextColor="0x000000FF"
                     focusedBackgroundColor="0x72D7EEFF" />
        
        <Label id="apiEndpointLabel" 
               text="API Endpoint:"
               width="600" 
               height="40" 
               horizAlign="left"
               vertAlign="center"
               translation="[360, 400]"
               color="0xFFFFFFFF"
               font="font:MediumSystemFont" />
        
        <TextEditBox id="apiEndpointInput"
                     text=""
                     width="800"
                     height="50"
                     translation="[360, 450]"
                     font="font:MediumSystemFont"
                     textColor="0x000000FF"
                     backgroundColor="0xFFFFFFFF"
                     focusedTextColor="0x000000FF"
                     focusedBackgroundColor="0x72D7EEFF" />
        
        <Label id="displayTimeLabel" 
               text="Display Time (seconds):"
               width="600" 
               height="40" 
               horizAlign="left"
               vertAlign="center"
               translation="[360, 550]"
               color="0xFFFFFFFF"
               font="font:MediumSystemFont" />
        
        <TextEditBox id="displayTimeInput"
                     text=""
                     width="200"
                     height="50"
                     translation="[360, 600]"
                     font="font:MediumSystemFont"
                     textColor="0x000000FF"
                     backgroundColor="0xFFFFFFFF"
                     focusedTextColor="0x000000FF"
                     focusedBackgroundColor="0x72D7EEFF" />
        
        <Button id="saveButton"
                text="Save Settings"
                width="300"
                height="60"
                translation="[810, 700]"
                showFocusFootprint="true"
                focusBitmapUri="pkg:/images/focus-bg.9.png"
                focusFootprintBitmapUri="pkg:/images/focus-bg.9.png" />
        
        <Button id="cancelButton"
                text="Cancel"
                width="300"
                height="60"
                translation="[360, 700]"
                showFocusFootprint="true"
                focusBitmapUri="pkg:/images/focus-bg.9.png"
                focusFootprintBitmapUri="pkg:/images/focus-bg.9.png" />
        
        <Label id="statusLabel" 
               text=""
               width="1280" 
               height="40" 
               horizAlign="center"
               vertAlign="center"
               translation="[320, 800]"
               color="0x72D7EEFF"
               font="font:MediumSystemFont" />
    </children>
    
    <script type="text/brightscript" uri="SettingsScreen.brs" />
</component>