<?xml version="1.0" encoding="utf-8" ?>
<component name="SettingsScreen" extends="Group">
    <children>
        <Rectangle id="background" 
                   width="1920" 
                   height="1080" 
                   color="0x000000FF" />
        
        <Label id="titleLabel" 
               text="Media Screensaver Settings"
               width="1280" 
               height="60" 
               horizAlign="center"
               vertAlign="top"
               color="0xFFFFFFFF"
               font="font:LargeSystemFont" />
        
        <Label id="serverHostLabel" 
               text="Media Server Host/IP:"
               width="600" 
               height="40" 
               horizAlign="left"
               vertAlign="center"
               translation="[260, 150]"
               color="0xFFFFFFFF"
               font="font:MediumSystemFont" />
        
        <TextEditBox id="serverHostInput"
                     text=""
                     width="800"
                     height="50"
                     translation="[260, 200]"
                     textColor="0x000000FF"/>
        
        <Label id="apiEndpointLabel" 
               text="API Endpoint:"
               width="600" 
               height="40" 
               horizAlign="left"
               vertAlign="center"
               translation="[260, 300]"
               color="0xFFFFFFFF"
               font="font:MediumSystemFont" />
        
        <TextEditBox id="apiEndpointInput"
                     text=""
                     width="800"
                     height="50"
                     translation="[260, 350]"
                     textColor="0x000000FF"/>
        
        <Label id="displayTimeLabel" 
               text="Display Time (seconds):"
               width="600" 
               height="40" 
               horizAlign="left"
               vertAlign="center"
               translation="[260, 450]"
               color="0xFFFFFFFF"
               font="font:MediumSystemFont" />
        
        <TextEditBox id="displayTimeInput"
                     text=""
                     width="200"
                     height="50"
                     translation="[260, 500]"
                     textColor="0x000000FF"/>
        
        <Button id="saveButton"
                text="Save Settings"
                minWidth="300"
                height="60"
                translation="[260, 600]"
                showFocusFootprint="true"
                focusBitmapUri="pkg:/images/focus-bg.9.png"
                focusFootprintBitmapUri="pkg:/images/focus-bg.9.png" />
        
        <Button id="cancelButton"
                text="Cancel"
                minWidth="300"
                height="60"
                translation="[560, 600]"
                showFocusFootprint="true"
                focusBitmapUri="pkg:/images/focus-bg.9.png"
                focusFootprintBitmapUri="pkg:/images/focus-bg.9.png" />
        
        <Label id="statusLabel" 
               text=""
               width="1280" 
               height="40" 
               horizAlign="center"
               vertAlign="center"
               translation="[320, 800]"/>
    </children>
    <script type="text/brightscript" uri="SettingsScreen.brs" />
</component>